Documento,Title
1,wordpress + memcached with docker
2,Using Regedit to edit Synapse Trackpad
3,SPARK on MESOS: Avoid re-fetching Spark binary
4,collect maven fabric8:push artifact via custom plugin
5,docker container fails to use wringpi
6,PulseAudio compatiblity with Redhat 5.3
7,IOPS burst and blocking access to my cloud services
8,Check trends of application's health through error rate
9,influx db tags and latency issue
10,How to deploy a job computation jar on Mesos agent?
11,Class 'Memcached' not found - Lumen project
12,docker-compose both types of containers (Linux & Windows)
13,Not able to parse this index.js code in aws lambda
14,First/Fresh/Pristine installation not working
15,Elastic Beanstalk Docker apache2 errors
16,how to user zuul to process login url for avoid authtication and how to controller fine grained servcie's interface
17,i cant make cron jobs specified in cron.yaml to work in EBS with single docker
18,Python API / Node FE / Postgres DB docker development and production
19,Show Up a summary
20,Microservice with JHipster 5.0.1 not working without JHipster Registry
21,boot2Docker + Jenkins
22,grafana groupByNode throws Timeout error
23,fabric8: sdf namespace not found
24,Mesos offer.getExecutorIdsList gives an empty list though UI shows executors
25,Monitor the internal credit flow (to find bottle necks)
